Months,Conveyor 1,Conveyor 2,Flow 1,Flow 2,Flow 3,Flow 4,Flow 5,Flow 6,Stock 1
0,0.627450980392,8,0.209150326797,2,1.88235294118,0.18423028786,0.209150326797,0.0427200667501,0.209150326797
0.5,0.618550966486,7.95424836601,0.208006535948,2,1.88235294118,0.18423028786,0.208006535948,0.042161634505,0.209150326797
1,0.609358273277,7.90906862745,0.206862745098,2,1.88235294118,0.18423028786,0.206862745098,0.0415673186254,0.209150326797
